scenario,inequality,moroder1_value,moroder_value,bound_local,violation,convergence
2244,2 2 2 -2 2 1 2 -1 1 1 1 -1 2 2 1 -1 2 1 1 -1 1 1 1 0 1 1 1 -1 1 1 1 0 1 0 0 0 -2 0 -2 0 -1 0 -2 0 -2 0 -1 0,0.054675057816603825,0.032616226160139684,0.0,0.032616226160139684,0.9977941168343536
2244,2 2 2 -2 1 1 1 -1 1 1 1 -1 1 1 1 -1 1 1 1 -1 1 0 1 0 1 1 1 -1 1 1 0 0 1 0 0 0 -2 0 -1 0 -1 0 -2 0 -1 0 -1 0,0.05467519838970091,0.032528151375913444,0.0,0.032528151375913444,0.9977852952986213
2244,2 2 2 -2 2 1 2 -1 1 1 1 -1 1 1 1 -1 1 1 1 -1 1 0 1 0 1 1 1 -1 1 1 1 0 1 0 0 0 -2 0 -1 0 -1 0 -2 0 -2 0 -1 0,0.05467498748983987,0.03252139034785871,0.0,0.03252139034785871,0.9977846402858018
2244,1 1 1 -1 1 1 1 -1 1 0 1 -1 1 1 0 -1 1 1 0 -1 0 1 1 0 0 0 0 -1 0 0 0 -1 0 0 1 0 -1 0 -1 0 0 0 -1 0 -1 0 -1 0,0.05498126737471621,0.03138375906198626,0.0,0.03138375906198626,0.9976402491687271
2244,1 1 1 -1 1 1 1 -1 1 0 1 -1 1 1 0 -1 1 1 1 -1 1 0 1 0 1 1 0 -1 0 1 1 -1 0 1 1 0 -1 0 -1 0 -1 0 -1 0 -1 0 -1 0,0.05498136808074765,0.03138080425316496,0.0,0.03138080425316496,0.9976399436172418
2244,1 1 1 -1 1 1 1 -1 1 0 1 -1 1 1 0 -1 1 1 0 -1 1 0 1 0 1 1 0 -1 1 1 0 -1 0 1 1 0 -1 0 -1 0 -1 0 -1 0 -1 0 -1 0,0.05498132117590532,0.03132944477303514,0.0,0.03132944477303514,0.9976348123597131
2244,1 1 1 -1 1 1 1 -1 1 0 1 -1 1 1 0 -1 0 1 1 -1 0 1 1 0 1 1 0 -1 0 1 1 -1 0 1 1 0 -1 0 -1 0 -1 0 -1 0 -1 0 -1 0,0.054981225866031644,0.03128936375022241,0.0,0.03128936375022241,0.9976308137884191
2244,1 1 1 -1 1 1 1 -1 1 0 1 -1 1 1 1 -1 0 1 1 -1 0 1 1 -1 1 1 0 -1 0 1 1 -1 0 1 1 0 -1 0 -1 0 -1 0 -1 0 -1 0 -1 0,0.05498126275542421,0.0312765375707363,0.0,0.0312765375707363,0.9976295274815312
2244,1 1 1 -1 1 1 1 -1 1 0 1 -1 1 1 1 -1 1 1 1 -1 1 0 1 -1 1 1 0 -1 1 1 0 -1 0 1 1 0 -1 0 -1 0 -1 0 -1 0 -1 0 -1 0,0.05498127174277386,0.03122257777607071,0.0,0.03122257777607071,0.9976241306033297
2244,1 1 1 -1 1 1 1 -1 1 0 1 -1 1 1 0 -1 1 1 0 -1 1 0 1 0 1 1 0 0 1 1 0 0 0 1 0 0 -1 0 -1 0 -1 0 -1 0 -1 0 -1 0,0.054981127059500264,0.030712420419137527,0.0,0.030712420419137527,0.9975731293359636
3233,1 1 1 -1 0 0 1 0 1 -1 0 0 1 1 0 -1 0 0 0 1 1 0 0 0 -1 0 0 -1 0 0 -1 0 -1 0,0.05498112137677142,0.03036182576946602,0.0,0.03036182576946602,0.9975380704392695
2244,2 2 2 -2 2 1 2 -1 1 1 1 -1 1 1 1 -1 1 1 1 -1 1 0 1 0 1 1 0 0 1 1 0 0 0 1 0 0 -2 0 -1 0 -1 0 -2 0 -2 0 -1 0,0.05467492676786337,0.0273257587243105,0.0,0.0273257587243105,0.9972650831956449
2244,2 2 2 -2 2 1 2 -1 1 1 1 -1 1 1 1 -1 1 1 1 -1 1 0 1 0 1 1 1 -1 1 1 1 0 0 1 0 0 -2 0 -1 0 -1 0 -2 0 -2 0 -1 0,0.07000673453734912,0.03521278147771177,0.0,0.03521278147771177,0.9965206046940362
2244,2 2 2 -2 1 1 1 -1 1 1 1 -1 1 1 1 -1 1 1 0 -1 1 0 1 0 1 1 1 -1 1 1 0 -1 0 1 1 0 -2 0 -1 0 -1 0 -2 0 -1 0 -1 0,0.07000685423235076,0.03263592491024961,0.0,0.03263592491024961,0.9962629070677899
2244,2 2 2 -2 1 1 1 -1 1 1 1 -1 1 1 1 -1 1 1 1 -1 1 0 1 -1 1 1 1 -1 1 1 0 -1 0 1 1 0 -2 0 -1 0 -1 0 -2 0 -1 0 -1 0,0.07581715864320525,0.03781180013073239,0.0,0.03781180013073239,0.9961994641487527
2244,2 2 2 -2 2 1 2 -2 1 1 1 -1 2 2 1 -1 1 2 1 -1 1 1 1 0 1 1 0 -1 1 1 1 0 1 0 0 0 -2 0 -2 0 -1 0 -2 0 -2 0 -1 0,0.068121938053092,0.030067047736036134,0.0,0.030067047736036134,0.9961945109682944
2244,1 1 1 -1 1 0 1 -1 1 0 1 -1 1 1 0 -1 1 1 1 -1 0 0 1 0 1 1 0 -1 0 1 0 0 0 1 1 0 -1 0 -1 0 -1 0 -1 0 -1 0 -1 0,0.08477624130746962,0.04172569934199968,0.0,0.04172569934199968,0.995694945803453
2244,2 2 2 -2 2 1 2 -2 2 0 2 -1 2 2 1 -2 1 2 1 -1 1 1 2 0 1 1 0 -1 1 1 1 0 0 1 1 0 -2 0 -2 0 -1 0 -2 0 -2 0 -2 0,0.07546552470822757,0.031849692148658466,0.0,0.031849692148658466,0.995638416744043
2244,3 3 3 -3 2 2 2 -2 2 1 2 -2 2 2 2 -2 2 2 2 -2 1 1 2 -1 2 2 1 -2 1 2 1 -1 0 2 2 0 -3 0 -2 0 -2 0 -3 0 -2 0 -2 0,0.07193786010753472,0.02791997847263423,0.0,0.02791997847263423,0.9955982118365098
2244,2 2 2 -2 2 1 2 -2 2 0 2 -1 2 2 1 -2 2 1 1 -1 1 1 2 0 2 2 0 -1 1 2 1 0 1 1 1 0 -2 0 -2 0 -2 0 -2 0 -2 0 -2 0,0.08045177381644009,0.03522401550602419,0.0,0.03522401550602419,0.9954772241689585
2244,3 3 3 -3 2 2 2 -2 1 1 1 -1 2 2 2 -2 2 1 1 -1 1 1 1 0 1 1 1 -1 1 1 1 0 1 0 0 0 -3 0 -2 0 -1 0 -3 0 -2 0 -1 0,0.061903614528197815,0.014846076587471224,0.0,0.014846076587471224,0.9952942462059273
3233,1 1 1 0 1 -1 1 0 1 1 1 -1 1 1 1 0 1 -1 1 0 1 1 1 -1 -1 -1 0 -1 -1 0 -1 0 -1 0,0.07487203881494794,0.027650092398715173,0.0,0.027650092398715173,0.9952778053583767
2244,2 2 2 -2 2 1 1 -2 1 0 1 0 2 2 1 -2 1 2 2 -1 1 0 1 -1 0 1 1 -1 1 1 1 -1 0 1 1 0 -2 0 -2 0 -1 0 -2 0 -2 0 -1 0,0.0757657546954425,0.028504389281719732,0.0,0.028504389281719732,0.9952738634586277
3233,1 1 1 0 1 -1 1 1 1 -1 1 0 1 1 1 0 1 -1 1 1 1 -1 1 0 -1 0 0 -1 0 0 -2 0 -2 0,0.07487197787505229,0.026296339286963982,0.0,0.026296339286963982,0.9951424361411911
3233,2 2 1 -1 1 -1 2 1 1 -1 1 -1 2 2 1 -1 0 -1 2 1 0 0 1 0 -2 0 0 -2 0 0 -2 0 -2 0,0.08328515158054829,0.034249762471423154,0.0,0.034249762471423154,0.9950964610890874
2244,2 2 2 -2 2 1 1 -2 2 0 2 -1 2 2 1 -1 1 2 2 0 1 1 2 1 0 0 1 -1 1 0 1 -1 0 -1 1 0 -2 0 -2 -1 0 0 -2 0 -2 0 -2 0,0.06990454074955262,0.020153274958110673,0.0,0.020153274958110673,0.9950248734208558
3233,2 2 1 -1 1 -1 2 1 1 -1 1 -1 0 0 1 -1 0 -1 0 0 0 0 1 0 -2 0 0 0 0 0 -2 0 -2 0,0.08328522733536929,0.03242280529168054,0.0,0.03242280529168054,0.9949137577956311
2244,2 2 2 -2 1 1 1 -1 1 1 1 -1 1 1 1 -1 2 2 0 0 1 1 1 0 1 1 1 -1 1 1 -1 1 1 0 0 0 -2 0 -2 0 -1 0 -2 0 -1 -1 -1 0,0.07092968402545365,0.018583967682892368,0.0,0.018583967682892368,0.9947654283657437
3233,1 1 1 -1 0 -1 1 0 0 0 1 0 1 1 0 0 0 0 1 0 0 0 0 0 -1 0 0 -1 0 0 -1 0 -1 0,0.07487196948119745,0.020796314713004638,0.0,0.020796314713004638,0.9945924345231807
3233,2 2 1 0 1 -1 1 1 1 1 1 -1 2 2 1 -1 1 -1 1 1 0 0 1 -1 -2 -1 0 -2 0 0 -2 0 -1 0,0.09121736207779287,0.03426681108525918,0.0,0.03426681108525918,0.9943049449007468
3233,2 2 1 -1 1 -1 1 1 1 -1 0 0 2 2 0 -1 1 -1 1 1 1 0 0 0 -2 0 0 -2 0 0 -2 0 -1 0,0.09121731203243541,0.033731462136711465,0.0,0.033731462136711465,0.9942514150104275
3233,2 2 1 -1 1 -1 2 1 1 -1 1 -1 1 1 1 -1 0 -1 1 1 0 0 1 0 -2 0 0 -1 0 0 -2 0 -2 0,0.09166290851230968,0.033718542915539586,0.0,0.033718542915539586,0.9942055634403231
3233,1 1 1 -1 1 -1 1 1 1 -1 0 0 1 1 1 0 1 -1 1 1 0 -1 0 0 -1 0 0 -1 0 0 -2 0 -1 0,0.09270989212811462,0.03313324674281867,0.0,0.03313324674281867,0.9940423354614705
3233,1 1 1 -1 1 -1 1 1 1 -1 0 0 0 0 1 0 1 -1 0 0 0 -1 0 0 -1 0 0 0 0 0 -2 0 -1 0,0.09270991528704439,0.03189420572724723,0.0,0.03189420572724723,0.9939184290440204
3233,2 2 1 -1 1 -1 1 1 1 0 1 -1 1 1 1 -1 0 0 1 1 1 0 1 -1 -2 0 0 -1 0 0 -2 0 -2 0,0.09262812759635544,0.0312047779145617,0.0,0.0312047779145617,0.9938576650318206
3332,1 1 0 1 0 1 1 0 -1 1 1 0 0 1 1 0 1 -1 -1 -1 0 -1 -1 0 -1 -1 0,0.07466548110625476,0.013176523908474652,0.0,0.013176523908474652,0.993851104280222
3233,2 2 1 0 1 -1 1 1 1 1 1 -1 1 1 1 -1 1 -1 1 0 0 0 1 -1 -2 -1 0 -1 0 0 -2 0 -1 0,0.09711412710454734,0.03480876398208954,0.0,0.03480876398208954,0.9937694636877543
3233,2 2 1 -1 1 -1 1 1 1 0 1 -1 1 1 0 0 0 0 1 1 0 0 1 -1 -2 0 0 -1 0 0 -2 0 -2 0,0.09262812296146061,0.030037432024641705,0.0,0.030037432024641705,0.9937409309063181
3233,1 1 1 0 1 -1 1 0 1 1 1 -1 1 1 1 0 0 0 1 0 1 1 0 0 -1 -1 0 -1 -1 0 -1 0 -1 0,0.07487205145558679,0.012133358867908534,0.0,0.012133358867908534,0.9937261307412321
3233,1 1 1 0 1 -1 1 1 1 -1 1 0 1 1 1 0 0 0 1 1 1 -1 0 0 -1 0 0 -1 0 0 -2 0 -2 0,0.0748720072725661,0.011901878518409025,0.0,0.011901878518409025,0.9937029871245843
3332,1 1 0 1 0 1 1 0 -1 1 1 0 1 -1 0 1 -1 0 -1 -1 0 -1 0 0 -2 0 0,0.07466552755292771,0.011534493807157948,0.0,0.011534493807157948,0.9936868966254231
3233,1 1 1 0 1 -1 1 0 1 1 1 -1 1 1 0 0 0 0 1 0 0 0 0 0 -1 -1 0 -1 0 0 -1 0 -1 0,0.07487197091665329,0.01068782471194113,0.0,0.01068782471194113,0.9935815853795287
3233,1 1 1 0 1 -1 1 1 1 -1 1 0 1 1 0 0 0 0 1 1 0 0 0 0 -1 0 0 -1 0 0 -2 0 -2 0,0.07487198724140043,0.010392209490399873,0.0,0.010392209490399873,0.9935520222249
3233,2 2 2 -2 0 0 1 1 1 -1 1 -1 1 1 1 -1 0 0 1 1 1 0 1 -1 -2 0 0 -1 0 0 -2 0 -2 0,0.09998657229509325,0.03532935046249458,0.0,0.03532935046249458,0.9935342778167403
3332,1 1 1 1 0 -1 0 0 0 1 1 1 0 1 -1 0 0 0 -1 0 0 -1 0 0 -1 -1 0,0.07487197302248014,0.00984245995789712,0.0,0.00984245995789712,0.9934970486935416
3233,1 1 1 0 1 -1 1 1 1 -1 1 0 0 0 0 0 0 0 0 0 0 0 0 0 -1 0 0 0 0 0 -2 0 -2 0,0.0748719663042375,0.009261552981157757,0.0,0.009261552981157757,0.9934389586676919
3332,1 1 1 1 0 -1 0 0 0 1 1 1 1 -1 0 0 0 0 -2 0 0 -2 0 0 -1 0 0,0.07487197455145043,0.009261552981625648,0.0,0.009261552981625648,0.9934389578430174
3233,2 2 2 -2 0 0 1 1 1 -1 1 1 2 2 2 -2 0 0 1 1 1 -1 1 1 -2 0 -1 -2 0 -1 -2 0 -1 0,0.11493114555254459,0.04057619398615003,0.0,0.04057619398615003,0.9925645048433605
3233,1 1 1 0 1 -1 1 0 1 1 1 -1 1 1 1 -1 1 0 0 1 0 0 0 -1 -1 -1 0 -1 0 0 -2 0 -1 0,0.10877677747811244,0.03341511411958754,0.0,0.03341511411958754,0.9924638336641476
3233,2 2 2 -2 1 -1 2 1 1 -1 1 -1 2 2 1 -1 1 0 1 2 1 0 0 -1 -2 0 0 -2 0 0 -3 0 -2 0,0.104544273497405,0.029158154642996266,0.0,0.029158154642996266,0.9924613881145591
3233,2 2 1 -2 1 0 2 0 2 -1 1 1 2 2 1 -2 1 -1 1 1 2 -1 0 0 -2 0 -1 -2 0 0 -2 0 -2 0,0.10635332812780902,0.03013229147049651,0.0,0.03013229147049651,0.9923778963342686
3233,2 2 1 0 1 -1 1 1 1 1 1 -1 1 1 1 -1 0 0 1 0 0 0 0 0 -2 -1 0 -1 0 0 -2 0 -1 0,0.09711394483400368,0.020138315262106327,0.0,0.020138315262106327,0.9923024370428102
3233,2 2 1 -2 1 0 2 0 2 -1 1 1 2 2 0 0 1 -1 1 1 0 0 0 0 -2 0 -1 -2 0 0 -2 0 -2 0,0.10635323570167797,0.028282179003841952,0.0,0.028282179003841952,0.9921928943302165
3233,2 2 2 -2 0 0 1 1 1 -1 1 1 1 1 1 -1 0 0 1 0 1 -1 1 1 -2 0 -1 -1 0 -1 -2 0 -1 0,0.12231381635237931,0.03993370253600925,0.0,0.03993370253600925,0.991761988618363
3233,2 2 1 -2 1 0 2 0 2 -1 1 1 2 2 0 -1 1 -1 1 1 1 0 0 0 -2 0 -1 -2 0 0 -2 0 -2 0,0.11173475669136923,0.029228431994374672,0.0,0.029228431994374672,0.9917493675303005
3233,2 2 1 -2 1 0 2 0 2 -1 1 1 2 2 1 -1 1 -1 1 1 1 -1 0 0 -2 0 -1 -2 0 0 -2 0 -2 0,0.112741603928403,0.030209089204569183,0.0,0.030209089204569183,0.9917467485276166
3233,2 2 2 -2 0 0 1 1 1 -1 1 1 2 2 1 -1 0 0 1 1 1 -1 1 1 -2 0 -1 -2 0 -1 -2 0 -1 0,0.11849239931476052,0.035574743758896216,0.0,0.035574743758896216,0.9917082344444136
3233,2 2 2 -2 0 0 1 1 1 -1 1 1 1 1 1 -1 0 0 1 0 0 0 1 1 -2 0 -1 -1 0 -1 -2 0 -1 0,0.12184678475277635,0.03720227597810802,0.0,0.03720227597810802,0.9915355491225333
3332,2 2 2 2 -1 -1 0 1 -1 1 1 1 2 -1 -1 0 1 -1 -3 0 0 -1 0 0 -2 -1 0,0.12820186968370298,0.043011779315364096,0.0,0.043011779315364096,0.9914809909631661
3332,2 2 2 2 -1 -1 0 1 -1 1 1 1 1 0 -1 0 1 -1 -3 0 0 -1 0 0 -2 -1 0,0.1286422682742364,0.040177997984060104,0.0,0.040177997984060104,0.9911535729709824
4422,2 1 1 0 1 -1 -1 1 1 -1 -1 -1 0 1 -1 0 -2 0 1 0 -2 0 1 0,1.1291821865723992,1.0405515915427792,1.0,0.04055159154277921,0.9911369404970382
3332,2 1 1 1 0 -1 1 -1 -1 2 1 1 0 1 -1 1 -1 -1 -2 0 1 -2 0 1 -2 0 1,1.1309109798583323,1.036058381583493,1.0,0.03605838158349295,0.9905147401725161
3233,2 2 2 -2 0 0 1 1 1 -1 1 1 2 2 2 -2 0 0 1 1 1 -1 0 0 -2 0 -1 -2 0 0 -2 0 -1 0,0.1149310170908909,0.016582998641974267,0.0,0.016582998641974267,0.9901651981551083
3332,2 2 0 2 -2 0 0 0 0 1 1 1 1 -1 1 0 0 0 -2 0 0 -1 0 0 -2 0 -1,0.1149309405801254,0.013620458637735616,0.0,0.013620458637735616,0.9898689518057611
3233,2 2 2 -2 0 0 1 1 1 -1 1 1 1 1 1 -1 0 0 1 0 1 -1 0 0 -2 0 -1 -1 0 0 -2 0 -1 0,0.12231367940520346,0.02024077724190665,0.0,0.02024077724190665,0.9897927097836703
3332,1 1 1 1 1 -1 1 -1 0 1 1 1 1 1 -1 1 -1 0 -2 -1 0 -2 -1 0 -1 0 0,0.1250000409610188,0.021942612813962786,0.0,0.021942612813962786,0.9896942571852942
3332,1 1 1 1 1 -1 1 -1 0 1 1 1 1 1 -1 1 -1 0 -1 0 0 -1 0 0 -2 -1 0,0.1250001289645584,0.021841316828608293,0.0,0.021841316828608293,0.9896841187864049
3233,2 2 2 -2 0 0 1 1 1 -1 1 1 2 2 1 -1 0 0 1 1 1 -1 0 0 -2 0 -1 -2 0 0 -2 0 -1 0,0.118492430169301,0.015015450407834696,0.0,0.015015450407834696,0.9896523020238535
6322,2 1 1 1 -1 -1 1 -1 -1 0 1 -1 0 0 0 0 0 0 -2 1 0 0 0 0 -2 0 1,1.1291821807045683,1.0238414938451332,1.0,0.023841493845133233,0.9894659313140565
4422,2 1 1 0 1 -1 -1 1 1 -1 -1 -1 0 0 0 0 -2 0 1 0 -2 1 0 0,1.1291821848111465,1.02384149385178,1.0,0.023841493851779916,0.9894659309040634
3233,2 2 2 -2 0 0 1 1 1 -1 1 1 1 1 1 -1 0 0 1 0 0 0 0 0 -2 0 -1 -1 0 0 -2 0 -1 0,0.1218467629827128,0.016131677062132116,0.0,0.016131677062132116,0.9894284914079419
3332,2 1 1 1 0 -1 1 -1 -1 1 1 0 1 -1 0 1 -1 -1 -2 0 0 -1 0 0 -2 0 0,0.13103307279853077,0.022925503939326804,0.0,0.022925503939326804,0.9891892431140796
6322,1 1 1 1 1 1 1 0 -1 1 -1 0 0 1 -1 0 0 0 -1 -2 0 0 0 0 -2 -1 0,0.13178967278066714,0.023278599342465067,0.0,0.023278599342465067,0.9891488926561797
3332,2 2 2 2 -1 -1 0 1 -1 1 1 1 1 0 -1 0 0 0 -3 0 0 -1 0 0 -2 -1 0,0.12864234559523105,0.01984366535457399,0.0,0.01984366535457399,0.9891201319759343
3332,1 1 1 1 1 -1 1 -1 0 1 1 1 0 0 0 1 -1 0 -1 0 0 -1 0 0 -2 -1 0,0.1250000999476385,0.016082893638443008,0.0,0.016082893638443008,0.9891082793690804
3332,2 1 1 1 0 -1 1 -1 -1 2 1 1 1 -1 0 1 -1 -1 -2 0 0 -2 0 0 -2 0 0,0.13091099336825013,0.020803248717070615,0.0,0.020803248717070615,0.9889892255348821
3332,2 2 1 2 -2 0 1 0 -1 2 2 1 1 -1 -1 0 1 -1 -3 0 0 -3 1 0 -2 0 1,1.143597629392709,1.032424923574144,1.0,0.03242492357414406,0.9888827294181436
4422,1 1 1 0 1 0 -1 1 1 -1 0 -1 0 0 0 0 -1 0 1 0 -2 0 0 0,1.1309723683009558,1.0172018012103257,1.0,0.017201801210325662,0.988622943290937
3332,2 1 1 1 0 -1 1 -1 -1 1 1 0 1 -1 0 0 0 0 -2 0 0 -1 0 0 -2 0 0,0.13103304788033307,0.014461879801707489,0.0,0.014461879801707489,0.9883428831921375
6322,1 1 1 1 0 -1 1 -1 0 0 1 -1 0 0 0 0 0 0 -1 0 0 0 0 0 -2 -1 0,0.13097231611063387,0.01415680438263308,0.0,0.01415680438263308,0.9883184488271999
4422,3 2 2 0 2 -1 -1 1 2 -1 -1 -1 0 1 -1 0 -3 -1 0 0 -3 -1 0 0,0.13896827941504733,0.020814073089987672,0.0,0.020814073089987672,0.9881845793674939
4422,2 2 2 2 2 0 -1 -1 1 -2 1 1 0 0 1 -1 -3 0 0 0 -3 0 -2 -1,0.1435205770758706,0.02355929860572506,0.0,0.02355929860572506,0.9880038721529856
3332,2 1 1 1 0 -1 1 -1 -1 2 1 1 0 1 -1 0 0 0 -2 0 1 -2 0 0 -2 0 1,1.1309109385738203,1.0106967762573582,1.0,0.01069677625735821,0.9879785837683539
6322,1 1 1 1 1 -1 1 -1 0 0 0 0 0 0 0 0 0 0 -1 0 0 0 0 0 -2 -1 0,0.1250000398085323,0.004590673500329018,0.0,0.004590673500329018,0.9879590633691798
4422,1 1 1 0 1 1 -1 0 1 -1 0 0 0 0 0 0 -1 0 0 0 -2 -1 0 0,0.12500006599973124,0.004590673501302017,0.0,0.004590673501302017,0.9879590607501569
3332,2 2 0 1 -1 1 1 -1 -1 1 1 1 1 -1 1 1 -1 -1 -2 0 0 -1 0 0 -2 0 -1,0.15213338753322345,0.031605240058318614,0.0,0.031605240058318614,0.9879471852525095
4422,1 1 1 1 1 1 1 -1 1 0 -1 0 1 -1 0 0 -2 -1 0 0 -2 0 -1 0,0.13174512950970568,0.010355452900933454,0.0,0.010355452900933454,0.9878610323391227
3332,2 1 1 1 0 -1 1 -1 -1 2 1 1 1 -1 0 0 0 0 -2 0 0 -2 0 0 -2 0 0,0.13091096744637204,0.00910178797731745,0.0,0.00910178797731745,0.9878190820530947
4422,2 2 1 1 2 -1 -1 -2 1 -1 -2 2 1 -2 2 1 -3 1 0 -1 -3 1 0 -1,1.1431295830759436,1.0195063579058719,1.0,0.01950635790587185,0.9876376774829929
3332,2 2 1 2 -2 0 1 0 -1 2 2 1 1 -1 1 1 -1 0 -2 0 0 -2 0 0 -3 0 -1,0.14359765720836037,0.018124189558771167,0.0,0.018124189558771167,0.9874526532350411
3332,2 2 0 1 -1 1 1 -1 -1 1 1 1 0 0 0 1 -1 -1 -2 0 0 -1 0 0 -2 0 -1,0.15213337335273247,0.02407119505167272,0.0,0.02407119505167272,0.987193782169894
3332,2 2 1 2 -2 0 1 0 -1 1 1 1 1 -1 1 1 -1 0 -2 0 0 -1 0 0 -3 0 -1,0.14739766534009138,0.017237694102295545,0.0,0.017237694102295545,0.9869840028762203
4422,2 2 2 1 2 -1 -1 -1 1 -1 -1 2 0 1 -1 0 -3 0 -1 0 -2 -1 0 -1,0.1397018338169439,0.006697370092895477,0.0,0.006697370092895477,0.9866995536275953
4422,2 1 1 1 1 1 1 -2 1 1 -2 0 1 -2 -1 -1 -2 0 0 1 -3 -1 0 1,1.1508536458289833,1.0143507307592157,1.0,0.014350730759215669,0.9863497084930233
3332,2 2 0 1 -1 1 1 -1 -1 1 1 1 1 -1 1 0 0 0 -2 0 0 -1 0 0 -2 0 -1,0.15213337769806914,0.013141893769829313,0.0,0.013141893769829313,0.986100851607176
4422,2 2 2 2 2 0 -1 -1 1 -2 1 0 0 1 1 -2 -3 0 0 0 -3 -1 -2 0,0.14742577208659463,0.00555091253214246,0.0,0.00555091253214246,0.9858125140445548
4422,2 1 1 1 1 0 -1 -1 1 -1 -1 -1 0 1 1 -2 -2 0 1 0 -2 -1 0 1,1.1576356764328892,1.0087771785782824,1.0,0.008777178578282419,0.9851141502145394
4422,2 1 1 1 1 0 -1 -1 1 -1 0 -1 0 1 -1 0 -2 0 0 0 -2 -1 0 0,0.15339330604836598,0.004350768888733703,0.0,0.004350768888733703,0.9850957462840368
4422,3 2 2 1 2 -1 -1 -1 1 -1 -1 1 0 1 -1 0 -3 0 0 0 -3 -1 0 -1,0.1697679983556052,0.0187788599621712,0.0,0.0187788599621712,0.9849010861606567
4422,1 1 1 1 1 1 1 -1 1 1 -1 0 1 -1 0 0 -1 0 0 0 -3 -2 -1 0,0.16800835586271665,0.014238414328868423,0.0,0.014238414328868423,0.9846230058466151
4422,2 2 1 1 2 -1 -1 -1 1 -1 1 -2 1 -2 1 2 -3 1 0 -1 -3 1 -1 0,1.1606075197844061,1.0066915478913736,1.0,0.006691547891373606,0.9846084028106967
4422,2 1 1 1 1 2 -1 -1 1 -1 0 0 1 -1 -1 -1 -2 0 0 1 -3 -1 1 0,1.17646258493986,1.0089681957859291,1.0,0.008968195785929112,0.983250561084607
4422,3 3 2 1 2 -1 -1 -1 1 -1 -2 2 1 -2 2 1 -4 0 0 -1 -3 0 -1 -2,0.17261277913358974,0.004392003902575797,0.0,0.004392003902575797,0.9831779224768985
4422,2 2 1 1 2 -1 -1 -1 1 -1 1 1 0 1 1 -2 -3 1 -1 0 -3 0 -1 1,1.1798238553518976,1.010043983492693,1.0,0.010043983492693087,0.9830220128140794
4422,2 2 2 1 2 0 -1 -1 1 -2 1 1 0 1 -1 1 -3 0 0 -1 -3 0 -1 -1,0.19662177043964116,0.024898775404466528,0.0,0.024898775404466528,0.9828277004964825
4422,2 1 1 0 1 0 -1 1 1 -1 -1 0 0 1 -1 -1 -2 0 0 1 -2 -1 1 0,1.1865708797912262,1.014749543310979,1.0,0.014749543310978996,0.9828178663519752
4422,2 2 1 1 2 -1 -1 -1 1 -1 2 0 1 -1 -1 1 -2 0 -1 0 -3 0 -1 -1,0.1952193307019145,0.02296090328668976,0.0,0.02296090328668976,0.9827741572584776
4422,2 2 1 1 2 -1 -1 -1 1 -2 1 1 0 0 1 -1 -3 1 0 0 -3 1 -1 0,1.205999450545366,1.0331142079656384,1.0,0.033114207965638354,0.9827114757420272
4422,3 2 2 1 2 -1 -1 -2 1 2 -3 1 1 -2 -1 1 -4 1 0 1 -4 0 2 -1,2.1837412072467783,2.007720905344846,2.0,0.007720905344846152,0.9823979698098068
4422,1 1 1 1 1 1 0 -1 1 0 -1 1 1 -1 0 0 -2 0 -1 0 -2 -1 0 0,0.1872055454601509,0.010891027360330888,0.0,0.010891027360330888,0.9823685481900182
4422,2 2 1 1 2 -1 -1 -1 1 -1 2 -1 0 1 -1 -1 -3 1 0 0 -3 0 -1 1,1.188122301075867,1.0101085281547149,1.0,0.010108528154714858,0.9821986227078849
4422,3 3 2 2 3 -2 1 1 2 1 1 -3 2 1 -3 0 -4 -1 0 0 -6 -2 -1 0,0.1870080752876355,0.003437924770750167,0.0,0.003437924770750167,0.9816429849483115
4422,2 1 1 1 1 1 0 -1 1 0 -1 -1 1 -2 1 -1 -2 0 0 1 -3 0 -1 1,1.193857979670128,1.0095128269846947,1.0,0.009512826984694689,0.9815654847314568
4422,2 2 1 1 2 -1 -1 -2 1 -1 0 1 0 1 -2 1 -3 1 0 0 -3 0 1 -1,1.2065768145543463,1.0208224113350854,1.0,0.020822411335085445,0.981424559678074
4422,3 2 1 1 2 -1 -1 -1 1 -1 1 0 1 -1 -1 1 -3 0 -1 0 -3 0 0 -1,0.20683207575831186,0.019313777909886587,0.0,0.019313777909886587,0.9812481702151574
4422,2 1 1 1 1 1 0 -1 1 -1 -1 1 1 -1 -1 -1 -2 0 0 1 -3 -1 1 0,1.2026383639449651,1.0101709879173488,1.0,0.010170987917348828,0.9807532623972384
4422,1 1 1 1 1 1 -1 -1 1 -1 0 0 0 0 1 -1 -1 0 0 0 -2 -1 -1 0,0.21924732890900814,0.02673796718154159,0.0,0.02673796718154159,0.9807490638272534
4422,2 2 1 0 1 0 -2 1 1 -1 1 1 1 -1 0 -1 -2 0 -1 1 -3 0 0 0,1.210691490222779,1.0165647669436289,1.0,0.01656476694362885,0.9805873276720851
4422,2 2 0 0 1 -1 1 1 1 -1 1 -1 1 -1 -1 0 -2 -1 0 1 -3 1 0 0,1.2138097075687537,1.0171617106607524,1.0,0.01716171066075245,0.9803352003092
4422,1 1 1 1 1 1 -1 -1 1 -1 1 -1 0 0 0 0 -1 0 0 0 -2 -1 -1 0,0.20906439133806895,0.011476424974189672,0.0,0.011476424974189672,0.980241203363612
4422,1 1 1 1 1 1 1 1 1 1 -1 -1 1 -1 1 -1 -1 -3 0 0 -2 -1 -1 0,0.2114730401934688,0.013033257447855606,0.0,0.013033257447855606,0.9801560217254387
4422,3 2 2 1 2 -1 -3 -1 1 -1 2 -2 1 -2 1 1 -3 1 0 0 -4 1 -2 0,1.2077673067745347,1.008548828876893,1.0,0.0085488288768929,0.9800781522102359
6322,1 1 1 1 1 -1 1 -1 1 1 -1 -1 0 0 0 0 0 0 -1 0 0 1 0 0 -3 0 0,1.209064390138757,1.009629701019244,1.0,0.009629701019244097,0.9800565310880488
4422,1 1 1 1 1 1 0 -1 1 0 -1 1 1 -1 1 0 -1 0 0 0 -3 -1 -1 -1,0.22978747262224464,0.026693146182715455,0.0,0.026693146182715455,0.979690567356047
4422,2 1 1 0 1 0 -1 1 1 -1 0 -1 0 1 -1 -1 -2 0 0 1 -2 -1 1 0,1.219997510632905,1.016036474018721,1.0,0.016036474018721103,0.9796038963385817
4422,3 2 2 1 2 -1 -2 0 1 -1 1 -2 1 -2 1 1 -3 0 1 0 -4 1 -2 0,1.2202476370413071,1.014555881179566,1.0,0.014555881179566077,0.9794308244138259
4422,3 2 2 2 2 -1 -1 -2 1 1 -2 1 1 -3 0 2 -4 1 0 0 -4 0 1 -2,1.2201604774116013,1.0119902510347334,1.0,0.01199025103473339,0.9791829773623132
4422,3 3 2 2 3 -1 -1 -2 1 -1 -2 2 1 -2 2 1 -4 0 0 -1 -4 0 -1 -2,0.22041494064244188,0.008853372955173078,0.0,0.008853372955173078,0.978843843231273
4422,3 2 2 2 2 -1 -1 -2 1 2 -3 1 1 -3 -1 2 -4 1 0 1 -4 0 2 -2,2.2173680530093867,2.005801601667458,2.0,0.005801601667458023,0.9788433548658071
4422,2 2 1 1 2 -1 0 -2 1 -1 -2 1 1 -2 2 1 -3 1 0 -1 -3 1 -1 0,1.2247422039012401,1.0117423780792316,1.0,0.011742378079231619,0.9787000174177992
4422,3 3 2 0 2 -1 -1 1 2 -1 -1 -1 1 -2 2 0 -3 -1 0 0 -4 0 -2 0,0.22962931431672784,0.011313169348708296,0.0,0.011313169348708296,0.9781683855031981
4422,3 1 1 1 1 1 -1 -1 1 -1 0 -1 1 -1 -1 0 -3 0 1 0 -3 0 0 1,1.2268712587053594,1.0070939069232507,1.0,0.007093906923250737,0.9780222648217892
4422,2 2 1 1 2 -1 0 -2 1 0 -1 1 1 -2 1 1 -3 1 -1 0 -3 1 -1 0,1.2439081778549648,1.017308526492747,1.0,0.017308526492747056,0.9773400348637782
4422,2 2 2 1 2 1 -2 -1 1 -1 1 -2 1 -2 1 1 -3 1 1 0 -4 0 -1 1,2.23195708515847,2.003838550322557,2.0,0.0038385503225568662,0.9771881465164087
4422,2 2 1 1 2 -1 -1 -1 1 -1 2 -2 1 -2 1 2 -3 1 1 0 -4 2 -2 0,2.237912185421428,2.0077935329766112,2.0,0.007793532976611228,0.9769881347555183
4422,2 2 1 0 2 -1 -1 1 1 -1 0 -1 0 1 -1 -1 -2 -1 0 0 -2 -1 0 0,0.2593242584891571,0.028664281512169515,0.0,0.028664281512169515,0.9769340023023012
4422,3 3 1 1 2 -1 1 -1 2 -1 -2 0 1 -2 1 1 -3 -1 0 0 -4 0 -1 -1,0.24893910957152632,0.01620353299526167,0.0,0.01620353299526167,0.9767264423423734
4422,2 2 2 1 2 1 -1 -2 2 -2 0 1 1 1 -2 1 -3 1 -1 0 -4 -2 1 0,1.24614454773325,1.0097977662856312,1.0,0.009797766285631226,0.9763653218552382
4422,2 2 2 1 2 -1 -1 -1 1 1 -2 1 1 -2 1 1 -3 1 0 0 -4 0 0 -1,1.252026117169525,1.009882049116255,1.0,0.00988204911625501,0.9757855931946731
4422,3 2 2 1 2 -1 -1 -1 1 1 -2 -1 1 -1 -1 2 -3 0 1 0 -4 -1 1 -1,1.2445897655454246,1.0015820106659905,1.0,0.0015820106659905075,0.9756992245120566
4422,2 2 1 1 2 -1 1 -2 1 -1 1 1 1 -1 -1 1 -3 0 -1 1 -4 1 0 -1,1.2527820595472954,1.0091480120484773,1.0,0.009148012048477261,0.9756365952501183
4422,3 2 1 1 2 -2 -2 -2 1 -2 3 -1 1 -2 -1 2 -3 2 0 0 -4 2 -1 0,2.2676092050443097,2.023478878021835,2.0,0.023478878021835126,0.9755869672977525
4422,3 3 3 3 3 -1 -1 -2 1 1 -3 2 1 -3 1 2 -5 1 0 0 -5 0 0 -3,1.2631369729351047,1.0188203969608856,1.0,0.018820396960885555,0.9755683424025781
4422,3 3 2 2 3 -1 -1 -2 2 -2 1 2 0 1 -3 2 -5 1 -1 0 -5 0 1 -2,1.2857988742561082,1.0407721696607202,1.0,0.04077216966072017,0.9754973295404611
4422,4 2 1 1 2 -1 -1 -1 1 -2 1 -1 1 -2 -1 1 -4 1 0 0 -4 1 0 0,1.2556586851252445,1.0090668860359053,1.0,0.00906688603590533,0.975340820091066
4422,2 2 2 0 2 -1 -1 1 0 1 -1 1 0 1 -1 -1 -2 -1 0 0 -2 -2 0 -1,0.2582936738607426,0.0112726048838152,0.0,0.0112726048838152,0.9752978931023073
4422,4 3 2 2 3 -2 -2 -3 1 -2 -3 3 1 -4 3 1 -5 2 1 0 -5 3 0 -2,3.2574705283729375,3.009770884780388,3.0,0.009770884780388123,0.975230035640745
4422,2 2 2 1 2 0 -1 -2 1 1 -2 2 1 -2 1 1 -3 0 -2 0 -3 0 -1 -1,0.2591650462025784,0.010644446615809489,0.0,0.010644446615809489,0.9751479400413231
4422,2 2 1 1 1 0 -1 -1 1 -1 1 0 1 -1 -1 1 -2 0 0 0 -3 0 -1 -1,0.2714963276606643,0.022033919466212276,0.0,0.022033919466212276,0.9750537591805548
4422,3 2 1 1 2 -2 -1 -2 1 -2 1 -1 1 -2 -1 3 -3 2 0 0 -4 2 0 -1,2.2597156421083193,2.010084239764583,2.0,0.010084239764582836,0.9750368597656264
4422,3 2 1 1 2 -2 -1 -2 1 -2 2 -1 1 -2 -1 2 -3 1 1 0 -4 2 -1 0,2.2613950317034885,2.0097715651423194,2.0,0.00977156514231936,0.9748376533438832
4422,2 2 1 1 2 -2 1 1 1 1 -1 -1 1 -1 -1 -1 -2 0 0 1 -4 0 0 -1,1.2619672020063926,1.0076092915609103,1.0,0.007609291560910281,0.9745642089554518
4422,3 3 1 0 2 -1 -1 1 2 -1 -1 -1 2 -2 2 0 -3 0 1 0 -6 1 -1 0,1.2786760596825417,1.0232437678964428,1.0,0.02324376789644278,0.97445677082139
4422,3 3 1 1 2 -1 -1 -1 2 -2 2 1 1 -1 -2 2 -4 1 -1 0 -5 1 0 -1,1.2625297163996836,1.0056549929039775,1.0,0.005654992903977529,0.9743125276504294
4422,2 2 1 1 1 1 -1 -1 1 -1 1 0 1 -1 -1 0 -2 0 0 0 -3 -1 -1 0,0.2657067476747578,0.008119606113520084,0.0,0.008119606113520084,0.9742412858438764
4422,3 2 2 1 2 -1 -2 -2 1 -1 -1 2 1 -2 2 -1 -3 1 0 0 -4 1 -1 -1,1.2644587032215313,1.004804468604443,1.0,0.004804468604443057,0.9740345765382911
4422,3 3 2 1 2 -1 -1 -1 1 -1 -1 1 1 -2 2 0 -3 0 0 0 -4 0 -2 -1,0.2730362021175991,0.013303571833850225,0.0,0.013303571833850225,0.9740267369716251
4422,3 3 1 0 2 -1 -3 1 2 -2 2 2 2 -2 1 -2 -3 0 -2 1 -5 1 -1 0,1.2753026700943697,1.0142778216983188,1.0,0.014277821698318816,0.9738975151603949
4422,3 2 1 1 2 -2 -1 -2 1 -2 2 0 1 -2 -2 2 -3 1 0 1 -4 2 0 -1,2.266499316462623,2.0047781627513794,2.0,0.004778162751379433,0.9738278846288757
4422,4 3 2 1 3 -2 -3 -1 1 -2 2 -2 1 -3 1 2 -4 1 1 0 -5 2 -2 0,2.2695376120762853,2.0065846097387516,2.0,0.0065846097387516345,0.9737046997662466
4422,2 2 1 1 2 0 -1 -2 1 -1 -1 2 1 -2 1 0 -2 1 0 0 -4 0 0 -1,1.2732121537684886,1.0098457561926415,1.0,0.009845756192641497,0.9736633602424153
4422,3 2 1 1 2 -2 -1 -2 1 -1 -2 2 0 1 -1 -1 -3 1 0 1 -3 -1 2 0,2.2710920497420677,2.007217152174836,2.0,0.0072171521748360945,0.9736125102432769
4422,4 3 2 2 3 -2 -2 -3 1 -1 -3 3 1 -3 2 1 -5 2 0 0 -5 2 0 -2,2.2729585847584897,2.0078595902020324,2.0,0.007859590202032418,0.9734901005443544
4422,2 1 1 1 1 1 -1 -1 1 -1 1 -1 1 -1 -1 0 -2 0 -1 0 -2 -1 0 0,0.28070357428678133,0.014113360208089232,0.0,0.014113360208089232,0.9733409785921309
4422,3 2 1 1 2 -1 -1 -2 1 -1 -2 1 1 -2 1 1 -3 0 0 -1 -3 0 0 -1,0.27656152287050983,0.009433946756899403,0.0,0.009433946756899403,0.973287242388639
4422,4 3 1 1 2 -2 -2 -2 1 -2 1 -1 1 -3 -1 3 -4 2 0 0 -4 1 1 -1,2.279098914879796,2.010121872284034,2.0,0.010121872284034161,0.9731022957404238
4422,4 3 2 1 3 -2 -1 -2 1 -1 -1 1 0 2 -2 -1 -4 0 0 1 -4 -2 1 0,1.2772382789793317,1.0079184883755055,1.0,0.007918488375505461,0.9730680209396173
4422,4 3 1 0 2 -2 -2 2 2 -3 -1 -3 1 -2 1 1 -4 0 3 0 -5 3 0 0,3.2808922337257584,3.0107664614303156,3.0,0.010766461430315566,0.9729874227704556
4422,3 3 2 1 3 -1 -1 -2 2 -1 -1 2 1 -2 2 0 -4 0 -2 0 -4 0 -2 0,0.2719743732438247,0.001803705228545338,0.0,0.001803705228545338,0.972982933198472
4422,3 3 2 1 3 -1 -2 -1 2 -2 1 2 1 -1 2 -2 -4 0 -2 0 -4 0 -2 0,0.2791081396364685,0.008550990232473882,0.0,0.008550990232473882,0.9729442850596005
4422,4 4 3 3 3 -1 -1 -2 1 -1 -2 2 1 -3 2 1 -5 0 0 0 -5 0 -2 -3,0.2813819605010312,0.008711363596565463,0.0,0.008711363596565463,0.9727329403095535
4422,4 3 3 0 3 -1 -2 2 2 -1 -1 -2 1 -3 2 1 -4 -2 1 0 -5 1 -2 0,1.2768342423711623,1.0033175527542433,1.0,0.0033175527542432803,0.9726483310383081
4422,3 3 1 1 2 0 -1 -2 2 -1 -1 1 2 -2 2 0 -3 1 0 0 -6 0 -1 0,1.2838005557612684,1.0094415051502885,1.0,0.00944150515028852,0.9725640949389021
4422,4 3 3 1 3 -1 -1 -3 3 -1 -2 2 1 -3 2 1 -5 1 -2 0 -5 1 -2 0,1.278744683561545,1.00375173666039,1.0,0.0037517366603900815,0.9725007053098846
4422,4 2 2 2 2 2 1 -3 2 -1 -3 -1 2 -4 2 -1 -4 0 1 1 -6 0 -2 2,2.2794101493395003,2.0040277110633333,2.0,0.004027711063333328,0.9724617561723832
4422,4 2 1 1 2 -1 -2 -2 1 -2 2 -1 1 -2 -1 1 -4 2 0 0 -4 1 0 1,2.290382085057069,2.013250082787467,2.0,0.013250082787466866,0.9722867997730397
4422,3 3 2 0 3 -1 -2 1 1 -1 1 -2 1 -2 2 2 -3 -1 0 -1 -4 0 -2 -1,0.280156120676728,0.0028567977605239436,0.0,0.0028567977605239436,0.9722700677083795
4422,3 2 1 1 2 -1 -2 -2 1 -2 2 0 1 -2 -2 2 -3 1 0 1 -4 2 0 -1,2.2862669781391913,2.0088742674597815,2.0,0.008874267459781482,0.9722607289320591
4422,4 3 1 1 3 -2 -1 -2 1 -1 -1 1 1 -2 1 1 -4 0 0 -1 -4 0 0 -1,0.2971257483300568,0.01971938964610323,0.0,0.01971938964610323,0.9722593641316047
4422,3 2 2 1 2 -1 -2 -2 1 -2 -1 1 0 2 -3 1 -4 2 0 0 -3 -1 2 0,2.2861095783887615,2.0081468739616755,2.0,0.00814687396167546,0.9722037295572914
4422,3 2 1 1 2 -1 -2 -2 1 -2 3 -1 1 -2 -1 1 -3 2 0 0 -4 1 -1 1,2.2920388795247324,2.0132120704463015,2.0,0.01321207044630146,0.9721173190921568
4422,3 3 1 1 2 -1 -1 -1 2 -2 2 0 1 -1 -1 1 -4 1 0 0 -5 1 -1 0,1.290836001263795,1.0111304668476493,1.0,0.01113046684764929,0.9720294465583855
4422,2 1 1 1 1 1 -1 -1 1 -1 1 -1 1 -1 -1 0 -2 1 0 0 -3 -1 0 1,1.290743367161014,1.0108849401967466,1.0,0.010884940196746573,0.9720141573035732
4422,2 2 1 1 2 -1 0 -2 1 -1 -1 2 0 1 -2 -1 -2 0 0 1 -3 -1 1 -1,1.285592585579266,1.0041703072668475,1.0,0.004170307266847528,0.971857772168758
4422,5 4 3 3 3 -4 -1 -1 2 3 -1 -5 2 2 -4 2 -6 1 1 0 -7 -4 2 0,2.292882677041016,2.007355356002085,2.0,0.007355356002085145,0.9714472678961069
4422,3 2 1 1 2 -2 0 -2 1 -1 -1 1 0 1 -1 -1 -3 0 0 1 -3 -1 1 0,1.299605272944547,1.0138732690177938,1.0,0.013873269017793843,0.9714267996073247
4422,3 3 2 2 2 -1 -1 -2 1 -1 -2 2 1 -2 2 1 -3 0 0 0 -4 0 -2 -3,0.2966519566301218,0.009455624048555406,0.0,0.009455624048555406,0.9712803667418435
4422,3 3 2 2 3 -1 -1 -3 2 -3 1 2 1 1 -3 2 -5 1 0 -1 -5 1 0 -2,1.3025299782307933,1.0134860418349754,1.0,0.01348604183497537,0.9710956063604181
4422,3 3 2 1 3 -1 -3 -1 2 -3 2 2 1 -1 2 -3 -4 0 -2 0 -4 0 -2 0,0.29450200107735636,0.005242378208848389,0.0,0.005242378208848389,0.9710740377131492
4422,4 2 2 1 2 0 -2 -2 2 -2 -3 1 1 -2 1 1 -4 0 0 -1 -4 0 0 -1,0.29854423428837856,0.0063184057282547335,0.0,0.0063184057282547335,0.9707774171439876
4422,4 4 2 0 3 -2 -1 2 3 -2 -2 -2 1 -2 3 -1 -4 -2 1 0 -5 0 -2 1,1.3053490891806763,1.0051225321905115,1.0,0.005122532190511508,0.9699773443009836
4422,5 3 2 2 3 -2 -1 -3 2 -2 -4 2 2 -4 3 1 -5 1 2 0 -7 3 0 -2,3.304687346905115,3.00257643990685,3.0,0.00257643990684997,0.9697889093001735
4422,2 2 2 1 2 1 -1 -1 2 -2 1 0 1 0 -1 1 -2 0 0 0 -5 -1 -1 -1,0.33325913293700693,0.02470475072936293,0.0,0.02470475072936293,0.9691445617792356
4422,4 3 2 1 3 -2 -2 -2 1 -2 -1 3 1 -3 2 -1 -4 1 0 1 -5 2 -1 -1,2.312756246389328,2.003441021577615,2.0,0.0034410215776148334,0.9690684775188287
4422,4 3 2 1 3 -2 -1 -2 1 -1 -2 1 1 -3 2 1 -5 2 0 0 -5 2 -1 0,2.317548133315653,2.0077584476908714,2.0,0.007758447690871417,0.9690210314375218
4422,2 2 2 1 2 1 -2 -1 1 -1 1 -1 1 -1 0 1 -2 0 0 0 -4 -1 -1 -1,0.3332703319090613,0.021083786480236427,0.0,0.021083786480236427,0.9687813454571176
4422,3 3 2 1 3 -2 -2 -2 1 -2 1 2 0 1 -3 2 -4 1 -2 0 -3 -1 1 -1,1.340236766848927,1.0274782915751484,1.0,0.02747829157514836,0.9687241524726222
4422,3 2 2 1 2 -2 -2 -1 1 2 -1 -2 1 -2 2 -1 -3 1 0 1 -4 0 -2 2,2.3168306163057464,2.0033882916279904,2.0,0.0033882916279903696,0.9686557675322245
4422,3 2 1 1 2 -1 -2 -2 1 -2 2 -1 1 -2 -1 2 -3 1 1 0 -4 2 -1 0,2.3223161534969456,2.0075279710160867,2.0,0.00752797101608671,0.9685211817519142
4422,3 2 2 1 2 0 -2 -2 1 -2 -1 1 0 2 -2 1 -4 2 0 0 -3 -2 2 0,2.3295330439103306,2.01248827797402,2.0,0.012488277974020079,0.9682955234063689
4422,3 3 1 1 2 -1 -1 -1 2 -2 2 -1 2 -2 -1 2 -4 1 1 0 -6 2 -1 0,2.322832542522228,2.0044159552923793,2.0,0.004415955292379259,0.9681583412770152
4422,4 3 1 0 2 -1 -2 2 2 -2 -1 -2 1 -2 1 1 -4 0 1 -1 -4 0 1 -1,1.3292880807793388,1.0102735437644408,1.0,0.010273543764440785,0.9680985462985102
4422,4 3 2 2 3 -2 -1 -3 1 -2 -3 2 1 -4 3 1 -5 1 2 0 -5 3 0 -2,3.3239789815156047,3.0037693095619877,3.0,0.0037693095619877326,0.9679790328046384
4422,4 4 1 1 3 -2 -1 -2 2 -3 2 1 1 -1 -1 1 -5 2 0 0 -6 2 -1 0,2.338044639171051,2.0153550948625085,2.0,0.015355094862508523,0.9677310455691458
4422,3 3 1 1 3 -2 -1 -2 1 -2 3 1 1 -2 -2 2 -3 0 -1 1 -4 1 -1 -2,1.3390272877721459,1.015264067503972,1.0,0.015264067503971912,0.9676236779731827
4422,3 3 2 2 2 -1 1 -2 2 -1 -2 1 1 -2 1 1 -3 0 0 0 -5 0 -2 -2,0.33628106090526677,0.010887927686905746,0.0,0.010887927686905746,0.9674606866781639
4422,3 2 1 1 1 1 -2 -2 1 -2 1 -1 1 -2 -2 1 -3 2 0 0 -3 -1 1 1,2.3360368204556674,2.0096766366320984,2.0,0.00967663663209839,0.9673639816176431
4422,3 3 2 1 2 -1 -1 -1 2 -2 -1 2 1 -2 2 -1 -4 0 -2 0 -3 0 -2 0,0.338814711786646,0.012062806865941078,0.0,0.012062806865941078,0.9673248095079294
4422,3 3 2 1 3 -1 -2 -1 2 -2 0 2 1 -1 2 -1 -4 0 -2 0 -4 0 -2 0,0.348715608998075,0.012960822972173047,0.0,0.012960822972173047,0.9664245213974099
4422,4 4 3 3 4 -2 -2 -2 1 -2 3 -1 1 -2 -1 3 -5 0 0 -1 -5 0 -3 -2,0.34213153172232824,0.002245671105583047,0.0,0.002245671105583047,0.9660114139383256
4422,1 1 1 1 1 1 -1 -1 1 -1 1 -1 1 -1 -1 1 -1 1 0 0 -3 -1 0 0,1.3631298800784823,1.022597628023351,1.0,0.02259762802335108,0.965946774794487
4422,4 4 2 1 3 -2 -1 -2 2 -2 -2 2 1 -2 3 1 -4 0 0 -1 -5 0 -2 -2,0.34846403674849163,0.005232621807737203,0.0,0.005232621807737203,0.9656768585059246
4422,5 4 3 1 4 -2 -2 -2 3 -2 -1 3 1 -2 2 -1 -6 0 -3 0 -5 0 -2 0,0.35672623541602755,0.00810088242225876,0.0,0.00810088242225876,0.965137464700623
4422,4 2 1 1 2 0 -2 -2 1 -2 1 -1 1 -2 -1 1 -4 2 0 0 -4 0 1 1,2.371130911882128,2.016812931229536,2.0,0.016812931229535977,0.9645682019347408
4422,4 3 2 1 3 -1 -2 -2 1 -2 -1 1 1 -3 3 -1 -4 0 1 1 -5 2 -2 0,2.357631896025098,2.0032119958633676,2.0,0.0032119958633676227,0.964558009983827
4422,4 4 1 1 3 -2 1 -2 3 -2 -3 1 1 -2 2 2 -4 -1 0 -1 -5 0 -1 -2,0.37522407351443554,0.0177730991990247,0.0,0.0177730991990247,0.9642549025684589
4422,4 4 3 1 4 -2 -2 -2 2 -2 -1 3 1 -3 3 -1 -5 0 -2 1 -5 1 -3 0,1.3598386996176774,1.0005850199523465,1.0,0.0005850199523464994,0.9640746320334669
4422,4 4 2 1 4 -2 -3 -1 2 -3 1 2 1 -1 2 -1 -5 0 -2 0 -5 0 -2 0,0.3724006055163475,0.009395097767441546,0.0,0.009395097767441546,0.9636994492251094
4422,4 4 1 0 3 -2 -1 2 2 -1 -1 -2 2 -3 2 -1 -4 0 1 1 -7 2 -1 0,2.369621590610862,2.0061316166489256,2.0,0.006131616648925586,0.9636510026038063
4422,6 4 2 2 4 -3 -3 -5 2 -3 -4 4 2 -5 4 1 -6 3 1 0 -8 4 0 -2,4.368389871396756,4.003847813992941,4.0,0.003847813992940985,0.9635457942596185
4422,4 3 3 1 3 -1 -2 -2 1 -1 -1 1 1 -3 3 -1 -4 0 0 1 -5 1 -3 0,1.369322184981629,1.0046390801254272,1.0,0.004639080125427242,0.9635316895143798
4422,2 2 2 1 2 1 -1 -1 2 -2 0 1 1 -2 2 -2 -3 0 0 2 -5 1 -2 1,2.3786805342763175,2.01175411341311,2.0,0.011754113413109835,0.9633073579136792
4422,4 4 3 1 4 -2 -3 -1 1 -3 2 -2 1 -3 1 3 -5 0 2 -1 -5 2 -3 0,2.3698349156076746,2.0015596216971936,2.0,0.0015596216971935917,0.963172470608952
4422,3 2 2 1 2 0 -2 -2 1 -1 -1 1 1 -2 2 -1 -3 0 0 1 -4 1 -2 0,1.3799901683299771,1.0103759471900355,1.0,0.01037594719003554,0.963038577886006
4422,4 3 3 1 3 -1 -2 -2 1 -1 -1 2 1 -3 2 -1 -4 0 0 1 -5 1 -2 -1,1.3757068485744337,1.0044763968523744,1.0,0.004476396852374442,0.962876954827794
4422,4 3 3 2 3 -1 -2 -2 1 -1 -1 2 1 -2 2 -1 -4 0 0 0 -5 0 -2 -2,0.38287441796542415,0.00833795518113295,0.0,0.00833795518113295,0.962546353721571
4422,3 2 1 1 2 0 -2 -2 1 -2 2 -1 1 -2 -1 1 -3 0 1 1 -4 2 -1 0,2.394163410642728,2.0183260824683003,2.0,0.018326082468300253,0.9624162671825574
4422,5 4 1 1 3 -3 -1 -3 2 -2 -2 2 1 -2 1 1 -5 1 0 -1 -5 0 1 -1,1.3882576449024242,1.0112514753076705,1.0,0.011251475307670455,0.9622993830405246
4422,5 4 3 2 4 -2 -2 -2 1 -2 -1 3 1 -3 2 -1 -5 0 0 1 -6 1 -2 -2,1.3827654345946818,1.004107951831095,1.0,0.004107951831094914,0.9621342517236414
4422,5 4 2 1 3 -3 -3 -3 2 -3 -2 2 1 -4 5 -1 -5 3 0 0 -6 2 -2 1,3.385704421207642,3.0064108387638977,3.0,0.006410838763897697,0.9620706417556256
4422,6 4 2 2 4 -3 -2 -4 2 -3 -4 3 2 -5 4 1 -6 2 2 0 -8 4 0 -2,4.383158851677672,4.001894015195414,4.0,0.0018940151954138784,0.9618735163517741
4422,3 3 2 2 3 1 -1 -2 2 -3 1 0 1 -1 -1 2 -3 0 0 0 -6 -1 -1 -2,0.3960802008554397,0.01478856669156825,0.0,0.01478856669156825,0.9618708365836127
4422,4 3 1 1 2 -2 -2 -3 2 -3 3 -1 2 -3 -2 3 -4 2 1 0 -6 3 -1 0,3.391889447875281,3.0077652482533987,3.0,0.007765248253398749,0.9615875800378119
4422,3 3 3 1 3 1 -2 -1 2 -3 1 1 1 -2 2 -2 -4 0 0 2 -6 1 -3 1,2.397472072617652,2.012136131095527,2.0,0.012136131095526803,0.9614664058477874
4422,4 4 3 0 4 -2 -3 1 1 -2 1 -2 1 -3 2 2 -4 -1 1 0 -5 1 -3 -1,1.3981717590447071,1.012170646975915,1.0,0.012170646975915078,0.9613998887931208
4422,5 4 3 3 4 -2 -2 -2 1 -2 3 -1 1 -2 -1 2 -5 0 0 0 -6 0 -3 -2,0.40590838206251867,0.013954945783012263,0.0,0.013954945783012263,0.9608046563720494
4422,2 2 2 1 2 1 -1 -2 2 -1 -1 2 1 -2 1 -1 -2 0 0 1 -5 0 -1 -1,1.3987948853483076,1.0055748122753685,1.0,0.00557481227536849,0.960677992692706
4422,3 3 2 1 2 1 -3 -2 2 -2 0 2 1 -1 1 -2 -3 1 0 0 -5 -1 0 -1,1.4197517863278577,1.0185461674620846,1.0,0.018546167462084595,0.9598794381134226
4422,4 3 1 0 2 0 -2 2 2 -3 -1 -2 1 -3 1 2 -4 0 1 -1 -4 0 1 -2,1.4137912726680917,1.0125780868133072,1.0,0.012578086813307188,0.9598786814145214
4422,4 4 2 2 4 -2 -1 -3 2 -2 -2 3 1 -2 3 1 -4 0 0 -1 -6 0 -2 -3,0.4082780861031725,0.005963938139980307,0.0,0.005963938139980307,0.9597685852036808
4422,6 3 2 1 3 -1 -2 -2 2 -3 -2 1 1 -3 2 -1 -6 2 0 0 -6 1 0 1,2.4175335067931867,2.0126668650747987,2.0,0.01266686507479875,0.9595133358281611
4422,4 4 3 1 4 -2 -2 -2 3 -2 -1 3 1 -2 3 -1 -5 0 -3 0 -5 0 -3 0,0.41535666955917444,0.006263627086574797,0.0,0.006263627086574797,0.95909069575274
4422,3 3 2 1 3 -1 -2 -3 2 -2 -2 3 1 -3 3 0 -3 2 0 0 -6 1 -1 -1,2.4280706215584456,2.0143992263389983,2.0,0.014399226338998261,0.9586328604780553
4422,5 3 2 1 3 -2 -3 -3 2 -4 -1 4 1 -3 2 -2 -5 2 0 2 -6 4 -1 0,4.434801643419915,4.001717474652542,4.0,0.00171747465254235,0.9566915831232627
4422,2 2 2 2 2 2 -1 -2 2 -2 1 -1 1 0 -1 1 -2 0 0 0 -5 -2 -1 -1,0.4579605156163334,0.020504971989573767,0.0,0.020504971989573767,0.9562544456373241
4422,2 2 2 2 2 2 -1 -2 2 -1 -1 1 1 -1 1 -1 -2 0 0 0 -5 -2 -1 -1,0.4529253645041116,0.013679255635958606,0.0,0.013679255635958606,0.9560753891131848
4422,4 4 1 1 3 -2 2 -3 3 -2 -3 1 1 -2 3 3 -4 0 -1 -2 -5 0 -3 -1,0.44641254248842444,0.005570873551968836,0.0,0.005570873551968836,0.9559158331063544
4422,4 4 3 2 4 -1 -1 -4 3 -1 -2 3 2 -4 3 1 -6 1 -3 0 -6 1 -3 0,1.4418740121692912,1.0003093597211952,1.0,0.0003093597211951682,0.9558435347551903
4422,2 2 2 2 2 1 -1 -1 2 -2 1 -1 1 -1 -1 2 -2 0 0 0 -5 -1 -1 -2,0.45610902080405336,0.010111487707951616,0.0,0.010111487707951616,0.9554002466903899
4422,5 3 2 1 3 -1 -3 -3 2 -3 -1 3 1 -3 2 -2 -5 1 0 2 -6 3 -1 0,3.4680939920669234,3.000641068096448,3.0,0.0006410680964479276,0.9532547076029525
4422,2 2 2 2 2 2 -1 -1 2 -2 1 -1 1 -1 -1 1 -2 0 0 0 -5 -2 -1 -1,0.48932047878166085,0.021456749190072594,0.0,0.021456749190072594,0.9532136270408411
4422,3 3 2 2 2 1 -2 -2 2 -2 2 0 1 -1 -2 1 -3 0 0 0 -5 -1 -2 -1,0.48001596509347,0.011816778594951782,0.0,0.011816778594951782,0.9531800813501482
4422,2 2 2 2 2 2 -1 -1 2 -1 1 -1 2 -1 -1 1 -2 0 0 0 -6 -2 -1 -1,0.5192143375152722,0.028644675189474028,0.0,0.028644675189474028,0.9509430337674202
4422,3 3 3 2 3 1 -2 -1 2 -3 -1 1 1 -2 3 -1 -3 0 0 0 -6 -1 -3 -1,0.5205709461576433,0.013158601958348226,0.0,0.013158601958348226,0.9492587655800705
4422,2 2 2 2 2 2 -1 -2 2 -1 -2 2 2 -2 1 -1 -2 0 0 1 -6 -1 -1 -1,1.524774186111235,1.0076399236748959,1.0,0.007639923674895854,0.948286573756366
4422,5 3 2 1 3 0 -3 -3 2 -3 -1 2 1 -3 2 -2 -5 0 1 2 -6 3 -1 0,3.550632325135252,3.0114595708545524,3.0,0.011459570854552403,0.9460827245719301
4422,3 3 3 2 3 1 -1 -2 3 -1 -2 2 2 -2 2 0 -3 0 0 0 -8 -1 -2 -2,0.5966000957978972,0.028956562536614605,0.0,0.028956562536614605,0.9432356466738717
4422,3 3 3 3 3 2 -1 -2 3 -3 2 -1 2 -1 -2 2 -3 0 0 0 -8 -2 -2 -2,0.6922701266518712,0.020493274667693018,0.0,0.020493274667693018,0.9328223148015822
4422,3 3 3 3 3 2 -1 -2 3 -1 -2 2 3 -2 2 -1 -3 0 0 0 -9 -2 -2 -2,0.7684564494669649,0.02041963563698651,0.0,0.02041963563698651,0.9251963186170021
